{
  "finetuned_model": {
    "metrics": {
      "bleu": 0.22513445436283802,
      "rouge1": 0.52573463489226,
      "rougeL": 0.49892456272229757,
      "meteor": 0.4727546423792881,
      "bart_score": 0.0,
      "Perplexity (avg)": 92.65801700427004,
      "MAUVE": 0.007652094299406076,
      "Self-BLEU": 0.5223206389987435
    },
    "sample_size": 5166,
    "model_checkpoint": "/content/best_run"
  },
  "zero_shot_baseline": {
    "metrics": {
      "bleu": 0.050466709770836386,
      "rouge1": 0.24929436455042225,
      "rougeL": 0.23394942761666362,
      "meteor": 0.1796518638545783,
      "bart_score": 0.0,
      "Perplexity (avg)": 2797.0629526385196,
      "MAUVE": 0.05094323993581316,
      "Self-BLEU": 0.07864737990484891
    },
    "sample_size": 1000,
    "model": "google/flan-t5-base"
  },
  "few_shot_baseline": {
    "metrics": {
      "bleu": 0.06438243906330715,
      "rouge1": 0.2639297633571281,
      "rougeL": 0.2436907226931075,
      "meteor": 0.20214639877159757,
      "bart_score": 0.0,
      "Perplexity (avg)": 52.97794275200367,
      "MAUVE": 0.009331895250217277,
      "Self-BLEU": 0.4823932230429619
    },
    "sample_size": 1000,
    "model": "google/flan-t5-base",
    "shots": 3
  }
}